binder,model_index,loss,plddt,ptm,i_ptm,pae,i_pae
HL6 camel VHH template,0,6.4501776695251465,0.39754432439804077,0.4391174912452698,0.1548355370759964,0.7664834260940552,0.8815674185752869
