binder,model_index,loss,plddt,ptm,i_ptm,pae,i_pae
Mutacraft design,0,5.9614338874816895,0.49441879987716675,0.44309037923812866,0.15519127249717712,0.7613545656204224,0.8536332845687866
